class,accuracy
1,1.0
11,0.8752783964365256
2,0.7658227848101266
5,0.0
7,0.0
8,0.7115384615384616
overall,0.607
