class,accuracy
1,1.0
11,0.89086859688196
2,0.7911392405063291
5,0.11158798283261803
7,0.0
8,0.0
overall,0.607
