class,accuracy
1,0.9642857142857143
11,0.7951002227171492
2,0.7911392405063291
5,0.41201716738197425
7,0.19230769230769232
8,0.6346153846153846
overall,0.6823333333333333
